{"loss": 10145.759765625, "_timestamp": 1672930064.788747, "_runtime": 61.020228147506714, "_step": 2999, "_wandb": {"runtime": 61}}