{"loss": 11952.482421875, "_timestamp": 1672930462.959893, "_runtime": 27.267148971557617, "_step": 1199, "_wandb": {"runtime": 28}}