{"loss": 10901.4970703125, "_timestamp": 1672928457.7534468, "_runtime": 57.839093923568726, "_step": 0, "_wandb": {"runtime": 57}}