{"test_metric": 0.3715518801290486, "_timestamp": 1672925634.889303, "_runtime": 4.6629838943481445, "_step": 99, "_wandb": {"runtime": 3}}