{"loss": 10988.8427734375, "_timestamp": 1672927817.731453, "_runtime": 57.41992497444153, "_step": 2999, "_wandb": {"runtime": 56}}