{"loss": 10807.224609375, "_timestamp": 1672928310.365579, "_runtime": 58.35307288169861, "_step": 0, "_wandb": {"runtime": 57}}