{"overall_loss": 6540934.88671875, "_timestamp": 1672926104.73278, "_runtime": 56.641189098358154, "_step": 2999, "_wandb": {"runtime": 55}}