{"loss": 11804.9970703125, "_timestamp": 1672930214.329747, "_runtime": 28.565011024475098, "_step": 1199, "_wandb": {"runtime": 44}}