{"loss": 9786.2265625, "_timestamp": 1672926765.333056, "_runtime": 57.61795496940613, "_step": 2999, "_wandb": {"runtime": 56}}