{"loss": 11109.21484375, "_timestamp": 1672928722.6130922, "_runtime": 56.970481157302856, "_step": 2999, "_wandb": {"runtime": 56}}