{"loss": 10607.6181640625, "_timestamp": 1672928053.341088, "_runtime": 56.913432121276855, "_step": 2999, "_wandb": {"runtime": 56}}