{"overall_loss": 6532590.0107421875, "_timestamp": 1672925958.9591308, "_runtime": 55.06229376792908, "_step": 0, "_wandb": {"runtime": 54}}