{"loss": 11583.8466796875, "_timestamp": 1672930265.301507, "_runtime": 28.13725709915161, "_step": 1199, "_wandb": {"runtime": 26}}