{"loss": 10340.13671875, "_timestamp": 1672929774.175203, "_runtime": 56.87166619300842, "_step": 2999}