{"loss": 11062.72265625, "_timestamp": 1672926338.65308, "_runtime": 55.25390696525574, "_step": 2999, "_wandb": {"runtime": 54}}