{"loss": 11172.4931640625, "_timestamp": 1672937633.089289, "_runtime": 57.23598504066467, "_step": 2999, "_wandb": {"runtime": 56}}